<?xml version="1.0" encoding="UTF-8"?>
<beans
	xmlns="http://www.springframework.org/schema/beans"
	xmlns:xsi="http://www.w3.org/2001/XMLSchema-instance"
	xmlns:p="http://www.springframework.org/schema/p"
	xmlns:context="http://www.springframework.org/schema/context" 
	xmlns:aop="http://www.springframework.org/schema/aop" 
	xmlns:tx="http://www.springframework.org/schema/tx" 
	xmlns:mvc="http://www.springframework.org/schema/mvc"
	xmlns:task="http://www.springframework.org/schema/task"
	xmlns:ehcache="http://ehcache-spring-annotations.googlecode.com/svn/schema/ehcache-spring" 
	xsi:schemaLocation="http://www.springframework.org/schema/beans 	http://www.springframework.org/schema/beans/spring-beans-3.1.xsd
						http://www.springframework.org/schema/context 	http://www.springframework.org/schema/context/spring-context-2.5.xsd 
          				http://www.springframework.org/schema/aop  		http://www.springframework.org/schema/aop/spring-aop-2.5.xsd
						http://www.springframework.org/schema/tx        http://www.springframework.org/schema/tx/spring-tx-2.5.xsd
						 http://www.springframework.org/schema/beans http://www.springframework.org/schema/beans/spring-beans-3.1.xsd  
          			  http://ehcache-spring-annotations.googlecode.com/svn/schema/ehcache-spring http://ehcache-spring-annotations.googlecode.com/svn/schema/ehcache-spring/ehcache-spring-1.1.xsd
          			  http://www.springframework.org/schema/task  http://www.springframework.org/schema/task/spring-task-3.0.xsd
						http://www.springframework.org/schema/mvc  http://www.springframework.org/schema/mvc/spring-mvc-3.0.xsd">
    <!-- 	扫描包，默认扫描所有 com.zhaopin下的所有注解 -->
 	 <context:component-scan base-package="*"></context:component-scan>
    
    	<aop:aspectj-autoproxy/>
	  
	  <bean id="sessionFactory"
       class="org.springframework.orm.hibernate3.annotation.AnnotationSessionFactoryBean">
       <property name="dataSource" ref="dataSource" />
        <property name="configLocation" value="classpath:hibernate.cfg.xml"></property>
       <property name="packagesToScan" value="com.zhaopin.po"></property>
	</bean>
	
	<bean id="hibernateTemplate" class="org.springframework.orm.hibernate3.HibernateTemplate">
		<property name="sessionFactory" ref="sessionFactory"></property>
	</bean>
	
	<bean id="hibernateTransactionManager" class="org.springframework.orm.hibernate3.HibernateTransactionManager">
 		<property name="sessionFactory" ref="sessionFactory"></property> 
	</bean>
	
	<tx:annotation-driven transaction-manager="hibernateTransactionManager" />
	
	
	<bean id="propertyConfigurer"  
        class="org.springframework.beans.factory.config.PropertyPlaceholderConfigurer">  
        <property name="locations">  
            <list>  
                <value>classpath:dbconfig.properties</value>  
                <value>classpath:system.properties</value>  
            </list>  
        </property>  
    </bean>		
    <!-- 
    <ehcache:annotation-driven cache-manager="cacheManager" />   
    
    <ehcache:config cache-manager="cacheManager">  
        <ehcache:evict-expired-elements interval="60" />  
    </ehcache:config>  
    <bean id="cacheManager" class="org.springframework.cache.ehcache.EhCacheManagerFactoryBean">
    	<property name="configLocation" value="classpath:ehcache.xml"></property>
    </bean>
     -->
   
	 <bean id="dataSource" class="com.alibaba.druid.pool.DruidDataSource"  
        destroy-method="close">  
        <property name="url" value="${url}" />  
        <property name="username" value="${username}" />  
        <property name="password" value="${password}" />  
        <property name="driverClassName" value="${driverClassName}" />  
        
        <property name="maxActive" value="${maxActive}" />  
        <property name="initialSize" value="${initialSize}" />  
        <property name="maxWait" value="${maxWait}" />  
        <property name="minIdle" value="${minIdle}" />  
  
        <property name="timeBetweenEvictionRunsMillis" value="${timeBetweenEvictionRunsMillis}" />  
        <property name="minEvictableIdleTimeMillis" value="${minEvictableIdleTimeMillis}" />  
  
        <property name="testWhileIdle" value="${testWhileIdle}" />  
        <property name="testOnBorrow" value="${testOnBorrow}" />  
        <property name="testOnReturn" value="${testOnReturn}" />  
        <property name="maxOpenPreparedStatements"  value="${maxOpenPreparedStatements}" />  
        
        <property name="removeAbandoned" value="${removeAbandoned}" />   
        <property name="removeAbandonedTimeout" value="${removeAbandonedTimeout}" /> 
        <property name="logAbandoned" value="${logAbandoned}" />   
    	  
    </bean>
    
    <task:annotation-driven/>
</beans>
     
    