<?xml version='1.0' encoding='UTF-8'?>
<!DOCTYPE hibernate-configuration PUBLIC
          "-//Hibernate/Hibernate Configuration DTD 3.0//EN"
          "http://hibernate.sourceforge.net/hibernate-configuration-3.0.dtd">
<!-- Generated by MyEclipse Hibernate Tools.                   -->
<hibernate-configuration>

<session-factory>
	<property name="dialect">
		org.hibernate.dialect.MySQLDialect
	</property>
	<property name="javax.persistence.validation.mode">none</property>
	<property name="hbm2ddl.auto">update</property>
	<property name="show_sql">true</property>
	<property name="Connection.useUnicode">true</property>
	<property name="connection.characterEncoding">utf-8</property>
	<!--     	自动创建表结构 -->

	<mapping class="com.boyi.po.Classes" />
	<mapping class="com.boyi.po.Student" />
	<mapping class="com.boyi.po.Privilege" />
	<mapping class="com.boyi.po.Admin" />
	<mapping class="com.boyi.po.Article" />
	<mapping class="com.boyi.po.Paper" />
	<mapping class="com.boyi.po.Problem" />
	<mapping class="com.boyi.po.Teacher" />
	<mapping class="com.boyi.po.Course" />
	<mapping class="com.boyi.po.Exam" />
	<mapping class="com.boyi.po.ExamResult" />


</session-factory>

</hibernate-configuration>